Name,Timestamp,Status
Unknown,21-02-2025 13:11,NA
Samarth,21-02-2025 13:11,Present
Samarth,21-02-2025 13:11,Present
Samarth,21-02-2025 13:11,Present
Samarth,21-02-2025 13:11,Present
Samarth,21-02-2025 13:11,Present
Samarth,21-02-2025 13:11,Present
Samarth,21-02-2025 13:11,Present
Samarth,21-02-2025 13:11,Present
Samarth,21-02-2025 13:11,Present
Samarth,21-02-2025 13:11,Present
Samarth,21-02-2025 13:11,Present
Samarth,21-02-2025 13:11,Present
Samarth,21-02-2025 13:11,Present
Samarth,21-02-2025 13:11,Present
Unknown,21-02-2025 13:11,NA
Unknown,21-02-2025 13:11,NA
Unknown,21-02-2025 13:11,NA
Unknown,21-02-2025 13:11,NA
Unknown,21-02-2025 13:11,NA
Samarth,21-02-2025 13:11,Present
Samarth,21-02-2025 13:11,Present
Samarth,21-02-2025 13:11,Present
Samarth,21-02-2025 13:11,Present
Unknown,21-02-2025 13:11,NA
Unknown,21-02-2025 13:11,NA
Unknown,21-02-2025 13:11,NA
Unknown,21-02-2025 13:12,NA
Unknown,21-02-2025 13:12,NA
Unknown,21-02-2025 13:12,NA
Unknown,21-02-2025 13:12,NA
Unknown,21-02-2025 13:12,NA
Unknown,21-02-2025 13:12,NA
Samarth,21-02-2025 13:12,Present
Unknown,21-02-2025 13:12,NA
Unknown,21-02-2025 13:12,NA
Unknown,21-02-2025 13:12,NA
Unknown,21-02-2025 13:12,NA
Samarth,21-02-2025 13:12,Present
Samarth,21-02-2025 13:12,Present
Samarth,21-02-2025 13:12,Present
Unknown,21-02-2025 13:12,NA
Unknown,21-02-2025 13:12,NA
Unknown,21-02-2025 13:12,NA
Modi,21-02-2025 13:12,Present
Unknown,21-02-2025 13:12,NA
Modi,21-02-2025 13:12,Present
Unknown,21-02-2025 13:12,NA
Modi,21-02-2025 13:12,Present
Modi,21-02-2025 13:12,Present
Unknown,21-02-2025 13:12,NA
Samarth,21-02-2025 13:12,Present
Samarth,21-02-2025 13:12,Present
Samarth,21-02-2025 13:12,Present
Unknown,21-02-2025 13:12,NA
Modi,21-02-2025 13:12,Present
Unknown,21-02-2025 13:12,NA
Modi,21-02-2025 13:12,Present
Modi,21-02-2025 13:12,Present
Modi,21-02-2025 13:12,Present
Modi,21-02-2025 13:12,Present
Unknown,21-02-2025 13:12,NA
Modi,21-02-2025 13:12,Present
Unknown,21-02-2025 13:12,NA
Modi,21-02-2025 13:12,Present
Modi,21-02-2025 13:12,Present
Modi,21-02-2025 13:12,Present
Modi,21-02-2025 13:12,Present
Virat,21-02-2025 13:12,Present
Virat,21-02-2025 13:12,Present
Virat,21-02-2025 13:12,Present
Virat,21-02-2025 13:12,Present
Unknown,21-02-2025 13:12,NA
Samarth,21-02-2025 13:12,Present
Samarth,21-02-2025 13:12,Present
Samarth,21-02-2025 13:12,Present
Samarth,21-02-2025 13:12,Present
Samarth,21-02-2025 13:12,Present
Samarth,21-02-2025 13:12,Present
Samarth,21-02-2025 13:12,Present
Samarth,21-02-2025 13:12,Present
